MatrixNumber,NAME,OBJECTID,Network_No,Station_Na,WEB_URL,LINE,SEQNO,Parking,State,Jurisdicti,FIPS,Line2,Line3,Line4,Year,Station_Nu,ADDRESS,TRAININFO_
1,Metro Center,63,8015,Metro Center,https://www.wmata.com/rider-guide/stations/metro-center.cfm,"Red, Blue, Orange, Silver",15,N,District of Columbia,0,"11001",BLUE,ORANGE,SILVER,1976,1,"607 13TH STREET NW, WASHINGTON, DC","https://www.wmata.com/js/nexttrain/nexttrain.html#A01,C01|Metro%20Center"
2,McPherson Square,97,8068,McPherson Square,https://www.wmata.com/rider-guide/stations/mcpherson-sq.cfm,"Blue, Orange, Silver",68,N,District of Columbia,0,"11001",ORANGE,SILVER,,1977,36,,https://www.wmata.com/js/nexttrain/nexttrain.html#C02|McPherson%20Square
3,Farragut West,48,8067,Farragut West,https://www.wmata.com/rider-guide/stations/farragut-west.cfm,"Blue, Orange, Silver",67,N,District of Columbia,0,"11001",ORANGE,SILVER,,1977,38,"841 17TH STREET NW, WASHINGTON, DC",https://www.wmata.com/js/nexttrain/nexttrain.html#C03|Farragut%20West
4,Foggy Bottom-GWU,42,8066,Foggy Bottom-GWU,https://www.wmata.com/rider-guide/stations/foggy-bottom.cfm,"Blue, Orange, Silver",66,N,District of Columbia,0,"11001",ORANGE,SILVER,,1977,40,"890 23RD STREET NW, WASHINGTON, DC",https://www.wmata.com/js/nexttrain/nexttrain.html#C04|Foggy%20Bottom-GWU
5,Rosslyn,21,8065,Rosslyn,https://www.wmata.com/rider-guide/stations/rosslyn.cfm,"Blue, Orange, Silver",65,N,Virginia,3,"51013",BLUE,SILVER,,1977,41,"1850 N. MOORE STREET, ARLINGTON, VA",https://www.wmata.com/js/nexttrain/nexttrain.html#C05|Rosslyn
6,Arlington Cemetery,22,8056,Arlington Cemetery,https://www.wmata.com/rider-guide/stations/arlington-cemetery.cfm,Blue,56,N,Virginia,3,"51013",,,,1977,42,"1000 NORTH MEMORIAL DRIVE, ARLINGTON, VA",https://www.wmata.com/js/nexttrain/nexttrain.html#C06|Arlington%20Cemetery
7,Pentagon,24,8055,Pentagon,https://www.wmata.com/rider-guide/stations/pentagon.cfm,"Blue, Yellow",55,N,Virginia,3,"51013",YELLOW,,,1977,43,"2 SOUTH ROTARY ROAD, ARLINGTON, VA",https://www.wmata.com/js/nexttrain/nexttrain.html#C07|Pentagon
8,Pentagon City,53,8054,Pentagon City,https://www.wmata.com/rider-guide/stations/pentagon-city.cfm,"Blue, Yellow",54,N,Virginia,3,"51013",YELLOW,,,1977,44,"1250 SOUTH HAYES ST., ARLINGTON, VA",https://www.wmata.com/js/nexttrain/nexttrain.html#C08|Pentagon%20City
9,Crystal City,25,8053,Crystal City,https://www.wmata.com/rider-guide/stations/crystal-city.cfm,"Blue, Yellow",53,N,Virginia,3,"51013",YELLOW,,,1977,45,"1750 SOUTH CLARK ST., ARLINGTON, VA",https://www.wmata.com/js/nexttrain/nexttrain.html#C09|Crystal%20City
10,Potomac Yard,95,8084,Potomac Yard,https://www.wmata.com/rider-guide/stations/potomac-yard.cfm,"Blue, Yellow",98,N,Virginia,4,"51510",YELLOW,,,2023,,"2900 POTOMAC GREENS DRIVE, ALEXANDRIA, VA 22314",https://www.wmata.com/js/nexttrain/nexttrain.html#C11|Potomac%20Yard
11,Ronald Reagan Washington National Airport,57,8052,Ronald Reagan Washington National Airport,https://www.wmata.com/rider-guide/stations/national-airport.cfm,"Blue, Yellow",52,N,Virginia,3,"51013",YELLOW,,,1977,93,"2400 S. SMITH BLVD., ARLINGTON, VA",https://www.wmata.com/js/nexttrain/nexttrain.html#C10|Ronald%20Reagan%20Washington%20National%20Airport
12,Braddock Road,72,8051,Braddock Road,https://www.wmata.com/rider-guide/stations/braddock-road.cfm,"Blue, Yellow",51,N,Virginia,4,"51510",YELLOW,,,1983,47,"700 N. WEST ST., ALEXANDRIA, VA",https://www.wmata.com/js/nexttrain/nexttrain.html#C12|Braddock%20Road
13,King St-Old Town,73,8050,King St-Old Town,https://www.wmata.com/rider-guide/stations/king-st-old-town.cfm,"Blue, Yellow",50,N,Virginia,4,"51510",YELLOW,,,1983,48,"1900 KING STREET, ALEXANDRIA, VA",https://www.wmata.com/js/nexttrain/nexttrain.html#C13|King%20St-Old%20Town
14,Federal Triangle,54,8069,Federal Triangle,https://www.wmata.com/rider-guide/stations/federal-triangle.cfm,"Blue, Orange, Silver",69,N,District of Columbia,0,"11001",ORANGE,SILVER,,1977,53,"350 12TH STREET NW, WASHINGTON, DC",https://www.wmata.com/js/nexttrain/nexttrain.html#D01|Federal%20Triangle
15,Smithsonian,52,8070,Smithsonian,https://www.wmata.com/rider-guide/stations/smithsonian.cfm,"Blue, Orange, Silver",70,N,District of Columbia,0,"11001",ORANGE,SILVER,,1977,54,"1201 JEFFERSON DRIVE SW, WASHINGTON, DC",https://www.wmata.com/js/nexttrain/nexttrain.html#D02|Smithsonian
16,L'Enfant Plaza,51,8037,L'Enfant Plaza,https://www.wmata.com/rider-guide/stations/lenfant-plaza.cfm,"Green, Yellow, Orange, Blue, Silver",37,N,District of Columbia,0,"11001",YELLOW,BLUE,ORANGE,1977,82,"600 MARYLAND AVENUE SW, WASHINGTON, DC","https://www.wmata.com/js/nexttrain/nexttrain.html#D03,F03|L'Enfant%20Plaza"
17,Federal Center SW,60,8071,Federal Center SW,https://www.wmata.com/rider-guide/stations/federal-ctr-sw.cfm,"Blue, Orange, Silver",71,N,District of Columbia,0,"11001",ORANGE,SILVER,,1977,58,"401 3RD STREET SW, WASHINGTON, DC",https://www.wmata.com/js/nexttrain/nexttrain.html#D04|Federal%20Center%20SW
18,Capitol South,62,8072,Capitol South,https://www.wmata.com/rider-guide/stations/capitol-south.cfm,"Blue, Orange, Silver",72,N,District of Columbia,0,"11001",ORANGE,SILVER,,1977,59,"355 1ST STREET SE, WASHINGTON, DC",https://www.wmata.com/js/nexttrain/nexttrain.html#D05|Capitol%20South
19,Eastern Market,76,8073,Eastern Market,https://www.wmata.com/rider-guide/stations/eastern-market.cfm,"Blue, Orange, Silver",73,N,District of Columbia,0,"11001",ORANGE,SILVER,,1977,60,"725 PENNSYLVANIA AVENUE SE, WASHINGTON, DC",https://www.wmata.com/js/nexttrain/nexttrain.html#D06|Eastern%20Market
20,Potomac Ave,77,8074,Potomac Ave,https://www.wmata.com/rider-guide/stations/potomac-ave.cfm,"Blue, Orange, Silver",74,N,District of Columbia,0,"11001",ORANGE,SILVER,,1977,61,"1400 POTOMAC AVENUE SE, WASHINGTON, DC",https://www.wmata.com/js/nexttrain/nexttrain.html#D07|Potomac%20Ave
21,Stadium-Armory,78,8075,Stadium-Armory,https://www.wmata.com/rider-guide/stations/stadium-armory.cfm,"Blue, Orange, Silver",75,N,District of Columbia,0,"11001",ORANGE,SILVER,,1977,63,"290 19TH STREET SE, WASHINGTON, DC",https://www.wmata.com/js/nexttrain/nexttrain.html#D08|Stadium-Armory
22,Benning Road,13,8081,Benning Road,https://www.wmata.com/rider-guide/stations/benning-road.cfm,"Blue, Silver",81,N,District of Columbia,0,"11001",SILVER,,,1980,90,"4500 CENTRAL AVENUE NE, WASHINGTON, DC",https://www.wmata.com/js/nexttrain/nexttrain.html#G01|Benning%20Road
23,Capitol Heights,1,8082,Capitol Heights,https://www.wmata.com/rider-guide/stations/capitol-heights.cfm,"Blue, Silver",82,Y,Maryland,2,"24033",SILVER,,,1980,91,"133 CENTRAL AVENUE, CAPITOL HEIGHTS, MD",https://www.wmata.com/js/nexttrain/nexttrain.html#G02|Capitol%20Heights
24,Addison Road-Seat Pleasant,14,8083,Addison Road-Seat Pleasant,https://www.wmata.com/rider-guide/stations/addison-road.cfm,"Blue, Silver",83,Y,Maryland,2,"24033",SILVER,,,1980,92,"100 ADDISON ROAD S., CAPITOL HEIGHTS, MD",https://www.wmata.com/js/nexttrain/nexttrain.html#G03|Addison%20Road-Seat%20Pleasant
25,Morgan Boulevard,2,8085,Morgan Boulevard,https://www.wmata.com/rider-guide/stations/morgan-blvd.cfm,"Blue, Silver",85,Y,Maryland,2,"24033",SILVER,,,2004,110,"300 GARRETT MORGAN BLVD., LANDOVER, MD",https://www.wmata.com/js/nexttrain/nexttrain.html#G04|Morgan%20Boulevard
26,Downtown Largo,19,8086,Downtown Largo,https://www.wmata.com/rider-guide/stations/downtown-largo.cfm,"Blue, Silver",86,Y,Maryland,2,"24033",SILVER,,,2004,109,"9000 LOTTSFORD ROAD, LARGO, MD",https://www.wmata.com/js/nexttrain/nexttrain.html#G05|Downtown%20Largo
27,Van Dorn Street,58,8046,Van Dorn Street,https://www.wmata.com/rider-guide/stations/van-dorn-st.cfm,Blue,46,Y,Virginia,5,"51059",,,,1991,94,"5690 EISENHOWER AVENUE, ALEXANDRIA, VA",https://www.wmata.com/js/nexttrain/nexttrain.html#J02|Van%20Dorn%20Street
28,Franconia-Springfield,59,8047,Franconia-Springfield,https://www.wmata.com/rider-guide/stations/franc-sprngfld.cfm,Blue,47,Y,Virginia,5,"51059",,,,1997,95,"6880 FRONTIER DRIVE, SPRINGFIELD, VA",https://www.wmata.com/js/nexttrain/nexttrain.html#J03|Franconia-Springfield
29,Mt Vernon Sq 7th St-Convention Center,65,8035,Mt Vernon Sq 7th St-Convention Center,https://www.wmata.com/rider-guide/stations/mt-vernon-sq.cfm,"Green, Yellow",35,N,District of Columbia,0,"11001",YELLOW,,,1991,70,"700 M STREET NW, WASHINGTON, DC",https://www.wmata.com/js/nexttrain/nexttrain.html#E01|Mt%20Vernon%20Sq%207th%20St-Convention%20Center
30,Shaw-Howard U,27,8034,Shaw-Howard U,https://www.wmata.com/rider-guide/stations/shaw-howard.cfm,Green,34,N,District of Columbia,0,"11001",,,,1991,72,"1801 7TH ST NW, WASHINGTON, DC",https://www.wmata.com/js/nexttrain/nexttrain.html#E02|Shaw-Howard%20U
31,U StreetAfrican-Amer Civil War MemorialCardozo,66,8033,U StreetAfrican-Amer Civil War MemorialCardozo,https://www.wmata.com/rider-guide/stations/u-street.cfm,Green,33,N,District of Columbia,0,"11001",,,,1991,73,"1260 U STREET NW, WASHINGTON, DC",https://www.wmata.com/js/nexttrain/nexttrain.html#E03|U%20Street/African-Amer%20Civil%20War%20Memorial/Cardozo
32,Columbia Heights,83,8032,Columbia Heights,https://www.wmata.com/rider-guide/stations/columbia-heights.cfm,Green,32,N,District of Columbia,0,"11001",,,,1999,75,"3030 14TH STREET NW, WASHINGTON, DC",https://www.wmata.com/js/nexttrain/nexttrain.html#E04|Columbia%20Heights
33,Georgia Ave-Petworth,3,8031,Georgia Ave-Petworth,https://www.wmata.com/rider-guide/stations/georgia-ave.cfm,Green,31,N,District of Columbia,0,"11001",,,,1999,76,"3750 GEORGIA AVENUE NW, WASHINGTON, DC",https://www.wmata.com/js/nexttrain/nexttrain.html#E05|Georgia%20Ave-Petworth
34,Fort Totten,10,8021,Fort Totten,https://www.wmata.com/rider-guide/stations/fort-totten.cfm,"Red, Green",21,Y,District of Columbia,0,"11001",GREEN,,,1978,28,"201 GALLOWAY STREET NE, WASHINGTON, DC","https://www.wmata.com/js/nexttrain/nexttrain.html#B06,E06|Fort%20Totten"
35,West Hyattsville,12,8030,West Hyattsville,https://www.wmata.com/rider-guide/stations/west-hyattsville.cfm,Green,30,Y,Maryland,2,"24033",,,,1993,77,"2700 HAMILTON ST., HYATTSVILLE, MD",https://www.wmata.com/js/nexttrain/nexttrain.html#E07|West%20Hyattsville
36,Hyattsville Crossing,11,8029,Hyattsville Crossing,https://www.wmata.com/rider-guide/stations/hyattsville-xing.cfm,Green,29,Y,Maryland,2,"24033",,,,1993,78,"3575 EAST WEST HIGHWAY, HYATTSVILLE, MD",https://www.wmata.com/js/nexttrain/nexttrain.html#E08|Hyattsville%20Crossing
37,College Park-U of Md,96,8028,College Park-U of Md,https://www.wmata.com/rider-guide/stations/college-park.cfm,Green,28,Y,Maryland,2,"24033",,,,1993,79,,https://www.wmata.com/js/nexttrain/nexttrain.html#E09|College%20Park-U%20of%20Md
38,Greenbelt,29,8027,Greenbelt,https://www.wmata.com/rider-guide/stations/greenbelt.cfm,Green,27,Y,Maryland,2,"24033",,,,1993,80,"5717 GREENBELT METRO DRIVE, GREENBELT, MD",https://www.wmata.com/js/nexttrain/nexttrain.html#E10|Greenbelt
39,Gallery Pl-Chinatown,64,8016,Gallery Pl-Chinatown,https://www.wmata.com/rider-guide/stations/gallery-place.cfm,"Red, Green, Yellow",16,N,District of Columbia,0,"11001",GREEN,YELLOW,,1976,21,"625 9TH STREET NW, WASHINGTON, DC","https://www.wmata.com/js/nexttrain/nexttrain.html#B01,F01|Gallery%20Pl-Chinatown"
40,Archives-Navy Memorial-Penn Quarter,55,8036,Archives-Navy Memorial-Penn Quarter,https://www.wmata.com/rider-guide/stations/archives.cfm,"Green, Yellow",36,N,District of Columbia,0,"11001",YELLOW,,,1983,81,"300 7TH STREET NW, WASHINGTON, DC",https://www.wmata.com/js/nexttrain/nexttrain.html#F02|Archives-Navy%20Memorial-Penn%20Quarter
41,Waterfront,56,8038,Waterfront,https://www.wmata.com/rider-guide/stations/waterfront.cfm,Green,38,N,District of Columbia,0,"11001",,,,1991,83,"399 M STREET SW, WASHINGTON, DC",https://www.wmata.com/js/nexttrain/nexttrain.html#F04|Waterfront
42,Navy Yard-Ballpark,26,8039,Navy Yard-Ballpark,https://www.wmata.com/rider-guide/stations/navy-yd-ballpark.cfm,Green,39,N,District of Columbia,0,"11001",,,,1991,84,"1155 NEW JERSEY AVENUE SE, WASHINGTON, DC",https://www.wmata.com/js/nexttrain/nexttrain.html#F05|Navy%20Yard-Ballpark
43,Anacostia,75,8040,Anacostia,https://www.wmata.com/rider-guide/stations/anacostia.cfm,Green,40,Y,District of Columbia,0,"11001",,,,1991,85,"1101 HOWARD ROAD SE, WASHINGTON, DC",https://www.wmata.com/js/nexttrain/nexttrain.html#F06|Anacostia
44,Congress Heights,68,8041,Congress Heights,https://www.wmata.com/rider-guide/stations/congress-heights.cfm,Green,41,N,District of Columbia,0,"11001",,,,2001,86,"1300 ALABAMA AVENUE SE, WASHINGTON, DC",https://www.wmata.com/js/nexttrain/nexttrain.html#F07|Congress%20Heights
45,Southern Avenue,28,8042,Southern Avenue,https://www.wmata.com/rider-guide/stations/southern-ave.cfm,Green,42,Y,Maryland,2,"24033",,,,2001,107,"1411 SOUTHERN AVENUE, TEMPLE HILLS, MD",https://www.wmata.com/js/nexttrain/nexttrain.html#F08|Southern%20Avenue
46,Naylor Road,69,8043,Naylor Road,https://www.wmata.com/rider-guide/stations/naylor-road.cfm,Green,43,Y,Maryland,2,"24033",,,,2001,87,"3101 BRANCH AVENUE, TEMPLE HILLS, MD",https://www.wmata.com/js/nexttrain/nexttrain.html#F09|Naylor%20Road
47,Suitland,70,8044,Suitland,https://www.wmata.com/rider-guide/stations/suitland.cfm,Green,44,Y,Maryland,2,"24033",,,,2001,88,"4500 SILVER HILL ROAD, SUITLAND, MD",https://www.wmata.com/js/nexttrain/nexttrain.html#F10|Suitland
48,Branch Ave,71,8045,Branch Ave,https://www.wmata.com/rider-guide/stations/branch-ave.cfm,Green,45,Y,Maryland,2,"24033",,,,2001,89,"4704 OLD SOPER ROAD, SUITLAND, MD",https://www.wmata.com/js/nexttrain/nexttrain.html#F11|Branch%20Ave
49,Minnesota Ave,80,8076,Minnesota Ave,https://www.wmata.com/rider-guide/stations/minnesota-ave.cfm,Orange,76,Y,District of Columbia,0,"11001",,,,1978,64,"4120 MINNESOTA AVENUE NE, WASHINGTON, DC",https://www.wmata.com/js/nexttrain/nexttrain.html#D09|Minnesota%20Ave
50,Deanwood,15,8077,Deanwood,https://www.wmata.com/rider-guide/stations/deanwood.cfm,Orange,77,Y,District of Columbia,0,"11001",,,,1978,65,"4720 MINNESOTA AVENUE NE, WASHINGTON, DC",https://www.wmata.com/js/nexttrain/nexttrain.html#D10|Deanwood
51,Cheverly,18,8078,Cheverly,https://www.wmata.com/rider-guide/stations/cheverly.cfm,Orange,78,Y,Maryland,2,"24033",,,,1978,66,"5501 COLUMBIA PARK, CHEVERLY, MD 
",https://www.wmata.com/js/nexttrain/nexttrain.html#D11|Cheverly
52,Landover,17,8079,Landover,https://www.wmata.com/rider-guide/stations/landover.cfm,Orange,79,Y,Maryland,2,"24033",,,,1978,67,"3000 PENNSY DRIVE, HYATTSVILLE, MD",https://www.wmata.com/js/nexttrain/nexttrain.html#D12|Landover
53,New Carrollton,16,8080,New Carrollton,https://www.wmata.com/rider-guide/stations/new-carrollton.cfm,Orange,80,Y,Maryland,2,"24033",,,,1978,68,"4700 GARDEN CITY DRIVE, NEW CARROLLTON, MD",https://www.wmata.com/js/nexttrain/nexttrain.html#D13|New%20Carrollton
54,Court House,43,8064,Court House,https://www.wmata.com/rider-guide/stations/court-house.cfm,"Orange, Silver",64,N,Virginia,3,"51013",SILVER,,,1979,96,"2100 WILSON BLVD, ARLINGTON, VA",https://www.wmata.com/js/nexttrain/nexttrain.html#K01|Court%20House
55,Clarendon,44,8063,Clarendon,https://www.wmata.com/rider-guide/stations/clarendon.cfm,"Orange, Silver",63,N,Virginia,3,"51013",SILVER,,,1979,97,"3100 WILSON BLVD, ARLINGTON, VA",https://www.wmata.com/js/nexttrain/nexttrain.html#K02|Clarendon
56,Virginia Square-GMU,46,8062,Virginia Square-GMU,https://www.wmata.com/rider-guide/stations/virginia-sq.cfm,"Orange, Silver",62,N,Virginia,3,"51013",SILVER,,,1979,98,"3600 FAIRFAX DRIVE, ARLINGTON, VA",https://www.wmata.com/js/nexttrain/nexttrain.html#K03|Virginia%20Square-GMU
57,Ballston-MU,47,8061,Ballston-MU,https://www.wmata.com/rider-guide/stations/ballston.cfm,"Orange, Silver",61,N,Virginia,3,"51013",SILVER,,,1979,99,"4230 FAIRFAX DRIVE, ARLINGTON, VA",https://www.wmata.com/js/nexttrain/nexttrain.html#K04|Ballston-MU
58,East Falls Church,45,8060,East Falls Church,https://www.wmata.com/rider-guide/stations/east-falls-church.cfm,"Orange, Silver",60,Y,Virginia,3,"51013",SILVER,,,1986,100,"2001 N. SYCAMORE ST., ARLINGTON, VA",https://www.wmata.com/js/nexttrain/nexttrain.html#K05|East%20Falls%20Church
59,West Falls Church,31,8059,West Falls Church,https://www.wmata.com/rider-guide/stations/west-falls-church.cfm,Orange,59,Y,Virginia,5,"51059",,,,1986,101,"7040 HAYCOCK ROAD, FALLS CHURCH, VA",https://www.wmata.com/js/nexttrain/nexttrain.html#K06|West%20Falls%20Church
60,Dunn Loring-Merrifield,32,8058,Dunn Loring-Merrifield,https://www.wmata.com/rider-guide/stations/dunn-loring.cfm,Orange,58,Y,Virginia,5,"51059",,,,1986,102,"2700 GALLOWS ROAD, VIENNA, VA",https://www.wmata.com/js/nexttrain/nexttrain.html#K07|Dunn%20Loring-Merrifield
61,ViennaFairfax-GMU,33,8057,ViennaFairfax-GMU,https://www.wmata.com/rider-guide/stations/vienna.cfm,Orange,57,Y,Virginia,5,"51059",,,,1986,103,"2900 NUTLEY ST., FAIRFAX, VA",https://www.wmata.com/js/nexttrain/nexttrain.html#K08|Vienna/Fairfax-GMU
62,Farragut North,49,8014,Farragut North,https://www.wmata.com/rider-guide/stations/farragut-north.cfm,Red,14,N,District of Columbia,0,"11001",,,,1976,4,"1720 L STREET NW, WASHINGTON, DC",https://www.wmata.com/js/nexttrain/nexttrain.html#A02|Farragut%20North
63,Dupont Circle,23,8013,Dupont Circle,https://www.wmata.com/rider-guide/stations/dupont-circle.cfm,Red,13,N,District of Columbia,0,"11001",,,,1977,6,"1525 20TH STREET NW, WASHINGTON, DC",https://www.wmata.com/js/nexttrain/nexttrain.html#A03|Dupont%20Circle
64,Woodley Park-ZooAdams Morgan,50,8012,Woodley Park-ZooAdams Morgan,https://www.wmata.com/rider-guide/stations/woodley-park.cfm,Red,12,N,District of Columbia,0,"11001",,,,1981,7,"2622 CONNECTICUT AVENUE NW, WASHINGTON, DC",https://www.wmata.com/js/nexttrain/nexttrain.html#A04|Woodley%20Park-Zoo/Adams%20Morgan
65,Cleveland Park,82,8011,Cleveland Park,https://www.wmata.com/rider-guide/stations/cleveland-park.cfm,Red,11,N,District of Columbia,0,"11001",,,,1981,8,"3514 CONNECTICUT AVENUE NW, WASHINGTON, DC",https://www.wmata.com/js/nexttrain/nexttrain.html#A05|Cleveland%20Park
66,Van Ness-UDC,81,8010,Van Ness-UDC,https://www.wmata.com/rider-guide/stations/van-ness.cfm,Red,10,N,District of Columbia,0,"11001",,,,1981,9,"4230 CONNECTICUT AVENUE NW, WASHINGTON, DC",https://www.wmata.com/js/nexttrain/nexttrain.html#A06|Van%20Ness-UDC
67,Tenleytown-AU,30,8009,Tenleytown-AU,https://www.wmata.com/rider-guide/stations/tenleytown.cfm,Red,9,N,District of Columbia,0,"11001",,,,1984,10,"4501 WISCONSIN AVENUE NW, WASHINGTON, DC",https://www.wmata.com/js/nexttrain/nexttrain.html#A07|Tenleytown-AU
68,Friendship Heights,34,8008,Friendship Heights,https://www.wmata.com/rider-guide/stations/friendship-hts.cfm,Red,8,N,District of Columbia,0,"11001",,,,1984,11,"5337 WISCONSIN AVENUE NW, WASHINGTON, DC",https://www.wmata.com/js/nexttrain/nexttrain.html#A08|Friendship%20Heights
69,Bethesda,41,8007,Bethesda,https://www.wmata.com/rider-guide/stations/bethesda.cfm,Red,7,N,Maryland,1,"24031",,,,1984,12,"7450 WISCONSIN AVENUE, BETHESDA, MD",https://www.wmata.com/js/nexttrain/nexttrain.html#A09|Bethesda
70,Medical Center,40,8006,Medical Center,https://www.wmata.com/rider-guide/stations/medical-center.cfm,Red,6,N,Maryland,1,"24031",,,,1984,13,"8810 ROCKVILLE PIKE, BETHESDA, MD",https://www.wmata.com/js/nexttrain/nexttrain.html#A10|Medical%20Center
71,Grosvenor-Strathmore,39,8005,Grosvenor-Strathmore,https://www.wmata.com/rider-guide/stations/grosvenor.cfm,Red,5,Y,Maryland,1,"24031",,,,1984,14,"10300 ROCKVILLE PIKE, BETHESDA, MD",https://www.wmata.com/js/nexttrain/nexttrain.html#A11|Grosvenor-Strathmore
72,North Bethesda,38,8004,North Bethesda,https://www.wmata.com/rider-guide/stations/north-bethesda.cfm,Red,4,Y,Maryland,1,"24031",,,,1984,15,"5500 MARINELLI ROAD, ROCKVILLE, MD",https://www.wmata.com/js/nexttrain/nexttrain.html#A12|North%20Bethesda
73,Twinbrook,37,8003,Twinbrook,https://www.wmata.com/rider-guide/stations/twinbrook.cfm,Red,3,Y,Maryland,1,"24031",,,,1984,16,"1600 CHAPMAN AVENUE, ROCKVILLE, MD",https://www.wmata.com/js/nexttrain/nexttrain.html#A13|Twinbrook
74,Rockville,36,8002,Rockville,https://www.wmata.com/rider-guide/stations/rockville.cfm,Red,2,Y,Maryland,1,"24031",,,,1984,17,"251 HUNGERFORD DRIVE, ROCKVILLE, MD",https://www.wmata.com/js/nexttrain/nexttrain.html#A14|Rockville
75,Shady Grove,35,8001,Shady Grove,https://www.wmata.com/rider-guide/stations/shady-grove.cfm,Red,1,Y,Maryland,1,"24031",,,,1984,18,"15903 SOMERVILLE DRIVE, DERWOOD, MD",https://www.wmata.com/js/nexttrain/nexttrain.html#A15|Shady%20Grove
76,Judiciary Square,61,8017,Judiciary Square,https://www.wmata.com/rider-guide/stations/judiciary-square.cfm,Red,17,N,District of Columbia,0,"11001",,,,1976,23,"435 4TH STREET NW, WASHINGTON, DC",https://www.wmata.com/js/nexttrain/nexttrain.html#B02|Judiciary%20Square
77,Union Station,67,8018,Union Station,https://www.wmata.com/rider-guide/stations/union-station.cfm,Red,18,N,District of Columbia,0,"11001",,,,1976,25,"605 1ST STREET NE, WASHINGTON, DC",https://www.wmata.com/js/nexttrain/nexttrain.html#B03|Union%20Station
78,Rhode Island Ave-Brentwood,79,8019,Rhode Island Ave-Brentwood,https://www.wmata.com/rider-guide/stations/rhode-island-ave.cfm,Red,19,Y,District of Columbia,0,"11001",,,,1976,26,"801 RHODE ISLAND AVENUE NE, WASHINGTON, DC",https://www.wmata.com/js/nexttrain/nexttrain.html#B04|Rhode%20Island%20Ave-Brentwood
79,Brookland-CUA,9,8020,Brookland-CUA,https://www.wmata.com/rider-guide/stations/brookland.cfm,Red,20,N,District of Columbia,0,"11001",,,,1978,27,"890 MONROE STREET NE, WASHINGTON, DC",https://www.wmata.com/js/nexttrain/nexttrain.html#B05|Brookland-CUA
80,Takoma,4,8022,Takoma,https://www.wmata.com/rider-guide/stations/takoma.cfm,Red,22,N,District of Columbia,0,"11001",,,,1978,29,"327 CEDAR STREET NW, WASHINGTON, DC",https://www.wmata.com/js/nexttrain/nexttrain.html#B07|Takoma
81,Silver Spring,8,8023,Silver Spring,https://www.wmata.com/rider-guide/stations/silver-spring.cfm,Red,23,N,Maryland,1,"24031",,,,1978,31,"8400 COLESVILLE ROAD, SILVER SPRING, MD",https://www.wmata.com/js/nexttrain/nexttrain.html#B08|Silver%20Spring
82,Forest Glen,7,8024,Forest Glen,https://www.wmata.com/rider-guide/stations/forest-glen.cfm,Red,24,Y,Maryland,1,"24031",,,,1990,32,"9730 GEORGIA AVENUE, FOREST GLEN, MD",https://www.wmata.com/js/nexttrain/nexttrain.html#B09|Forest%20Glen
83,Wheaton,6,8025,Wheaton,https://www.wmata.com/rider-guide/stations/wheaton.cfm,Red,25,Y,Maryland,1,"24031",,,,1990,33,"11171 GEORGIA AVENUE, SILVER SPRING, MD",https://www.wmata.com/js/nexttrain/nexttrain.html#B10|Wheaton
84,Glenmont,5,8026,Glenmont,https://www.wmata.com/rider-guide/stations/glenmont.cfm,Red,26,Y,Maryland,1,"24031",RED,,,1998,34,"12501 GEORGIA AVENUE, SILVER SPRING, MD",https://www.wmata.com/js/nexttrain/nexttrain.html#B11|Glenmont
85,NoMa-Gallaudet U,20,8098,NoMa-Gallaudet U,https://www.wmata.com/rider-guide/stations/noma-gallaudet.cfm,Red,98,N,District of Columbia,0,"11001",,,,2004,108,"1301 2ND STREET NE, WASHINGTON, DC",https://www.wmata.com/js/nexttrain/nexttrain.html#B35|NoMa-Gallaudet%20U
86,McLean,87,8087,McLean,https://www.wmata.com/rider-guide/stations/mclean.cfm,Silver,87,N,Virginia,5,"51059",,,,2014,111,"1824 DOLLEY MADISON BOULIVARD MCLEAN, VA 22102",https://www.wmata.com/js/nexttrain/nexttrain.html#N01|McLean
87,Tysons,86,8088,Tysons,https://www.wmata.com/rider-guide/stations/tysons.cfm,Silver,88,N,Virginia,5,"51059",,,,2014,112,"1943 CHAIN BRIDGE ROAD MCLEAN, VA 22102",https://www.wmata.com/js/nexttrain/nexttrain.html#N02|Tysons%20Corner
88,Greensboro,85,8090,Greensboro,https://www.wmata.com/rider-guide/stations/greensboro.cfm,Silver,89,N,Virginia,5,"51059",,,,2014,113,"8305 LEESBURG PIKE VIENNA, VA 22182",https://www.wmata.com/js/nexttrain/nexttrain.html#N03|Greensboro
89,Spring Hill,84,8089,Spring Hill,https://www.wmata.com/rider-guide/stations/spring-hill.cfm,Silver,90,N,Virginia,5,"51059",,,,2014,114,"1576 SPRING HILL ROAD VIENNA, VA 22182",https://www.wmata.com/js/nexttrain/nexttrain.html#N04|Spring%20Hill
90,Wiehle-Reston East,88,8091,Wiehle-Reston East,https://www.wmata.com/rider-guide/stations/wiehle-reston.cfm,Silver,91,Y,Virginia,5,"51059",,,,2014,115,"1862 WIEHLE AVENUE RESTON, VA 20190",https://www.wmata.com/js/nexttrain/nexttrain.html#N06|Wiehle-Reston%20East
91,Reston Town Center,89,8092,Reston Town Center,https://www.wmata.com/rider-guide/stations/reston.cfm,Silver,92,N,Virginia,5,"51059",,,,2022,116,"12023-A SUNSET HILLS RD, RESTON, VA 20190",https://www.wmata.com/js/nexttrain/nexttrain.html#N07|Reston%20Town%20Center
92,Herndon,90,8093,Herndon,https://www.wmata.com/rider-guide/stations/herndon.cfm,Silver,93,Y,Virginia,5,"51059",,,,2022,117,"585-A HERNDON PKY, HERNDON, VA 20170",https://www.wmata.com/js/nexttrain/nexttrain.html#N08|Herndon
93,Innovation Center,91,8094,Innovation Center,https://www.wmata.com/rider-guide/stations/innovation-center.cfm,Silver,94,Y,Virginia,5,"51059",,,,2022,118,"13747-A SUNRISE VALLEY DR, HERNDON, VA 20171",https://www.wmata.com/js/nexttrain/nexttrain.html#N09|Innovation%20Center
94,Washington Dulles International Airport,92,8095,Washington Dulles International Airport,https://www.wmata.com/rider-guide/stations/washington-dulles.cfm,Silver,95,N,Virginia,6,"51107",,,,2022,119,"44920 SAARINEN CIR, DULLES, VA 20166",https://www.wmata.com/js/nexttrain/nexttrain.html#N10|Washington%20Dulles%20International%20Airport
95,Loudoun Gateway,93,8096,Loudoun Gateway,https://www.wmata.com/rider-guide/stations/loudoun.cfm,Silver,96,Y,Virginia,6,"51107",,,,2022,120,"22505-A LOCK RIDGE RD, STERLING, VA 20166",https://www.wmata.com/js/nexttrain/nexttrain.html#N11|Loudoun%20Gateway
96,Ashburn,94,8097,Ashburn,https://www.wmata.com/rider-guide/stations/ashburn.cfm,Silver,97,Y,Virginia,6,"51107",,,,2022,121,"43625-A CROSON LN, ASHBURN, VA 20147",https://www.wmata.com/js/nexttrain/nexttrain.html#N12|Ashburn
97,Eisenhower Avenue,98,8049,Eisenhower Avenue,https://www.wmata.com/rider-guide/stations/eisenhower-ave.cfm,Yellow,49,N,Virginia,4,"51510",,,,1983,49,,https://www.wmata.com/js/nexttrain/nexttrain.html#C14|Eisenhower%20Avenue
98,Huntington,74,8048,Huntington,https://www.wmata.com/rider-guide/stations/huntington.cfm,Yellow,48,Y,Virginia,5,"51059",,,,1983,50,"2701 HUNTINGTON AVENUE, ALEXANDRIA, VA",https://www.wmata.com/js/nexttrain/nexttrain.html#C15|Huntington
